6.391959798994975017e-01,1.276981785896568198e+02
2.591959798994974751e+00,2.400144603286047396e+00
2.577386934673366881e+00,6.881138654594058046e+00
2.169346733668341631e+00,3.404638014346085839e+01
1.207537688442211099e+00,1.266148974509807879e+01
1.353266331658291577e+00,2.627008388685447926e+01
9.452261306532663276e-01,8.972321836991102373e+01
1.411557788944723724e+00,5.733910071627465754e+01
3.477386934673366570e-01,2.375489639511566509e+02
2.096482412060301392e+00,3.923009184307700536e+01
2.285929648241205925e+00,3.318493602265704112e+01
8.432160804020100153e-01,9.464161977285647254e+01
2.894472361809045102e-01,1.052611936689716146e+02
2.489949748743718771e+00,3.790576348133500062e+01
3.914572864321608225e-01,7.016843308951042957e+01
1.353266331658291577e+00,4.150102805333423461e+00
7.849246231155778686e-01,4.009426987910389073e+01
2.315075376884422109e+00,3.521795004429125697e+01
6.829145728643215563e-01,1.127709374513547544e+02
9.160804020100502543e-01,1.178983340971594984e+01
1.630150753768844218e+00,7.521146596464051370e+00
6.537688442211054829e-01,4.517003978375457507e+01
1.178391959798995137e+00,1.213033033534856742e+01
5.663316582914572628e-01,5.523921473533136606e+01
4.497487437185929693e-01,6.843346296971770926e+01
2.606532663316583065e+00,3.426942304370111714e+01
1.874371859296482534e-01,1.599260138302376220e+02
3.331658291457286758e-01,2.485703917627461408e+02
2.825125628140703782e+00,2.240456063549519428e+00
2.650251256281407120e+00,1.271737917345386037e+01
1.834170854271356843e+00,2.951685514373944841e+01
5.954773869346733361e-01,1.395244587636194638e+02
1.411557788944723724e+00,8.248093905910989676e+00
1.411557788944723724e+00,2.957274837404168721e+01
1.557286432160804202e+00,2.045093208280203001e+01
1.338693467336683485e+00,5.358055259631989742e+01
8.432160804020100153e-01,1.703466496543275710e+01
1.265829145728643246e+00,2.998101768506188236e+01
2.894472361809045102e-01,2.796749582125369216e+02
1.979899497487437321e+00,2.359614457581284341e+01
1.965326633165829229e+00,7.995442350886317051e+00
1.659296482412060403e+00,2.395453019390588167e+01
1.728643216080402167e-01,4.659965074731351251e+02
9.743718592964824010e-01,8.242837956030948021e+01
1.149246231155778952e+00,7.052238069668639753e+01
7.412060301507537030e-01,1.149209245400600565e+02
1.178391959798995137e+00,2.939995115746230780e+01
4.788944723618090427e-01,2.326721888254213155e+01
2.125628140703517577e+00,6.103769044343589023e+00
2.562814070351759010e+00,3.109810379096386512e+01
2.591959798994974751e+00,1.417018787780297195e+01
1.892462311557788990e+00,1.630506704890819591e+01
1.601005025125628256e+00,2.716382911122420474e+00
1.571859296482412072e+00,2.950022931151796612e+01
1.090954773869346806e+00,8.107117657647467013e+01
6.100502512562814283e-01,1.707535914761048090e+01
1.863316582914573027e+00,4.272586354688465349e+01
2.285929648241205925e+00,1.827459995072290511e+00
1.396984924623115631e+00,3.143175810112956725e+01
5.517587939698492816e-01,1.281950094368403192e+01
2.970854271356783816e+00,1.576257009922615637e+01
2.387939698492462348e+00,2.350020070037856001e+01
2.868844221105527836e+00,-4.513493932884395932e+00
7.412060301507537030e-01,4.308911605622312635e+01
2.941708542713568075e+00,1.132142528713508156e+01
1.513567839195979925e+00,1.105161744476507302e+01
9.306532663316582354e-01,8.928115809630621413e+01
8.723618090452260887e-01,1.022397868956736886e+02
1.746733668341708734e+00,2.331000135197280798e+01
1.090954773869346806e+00,2.332170012559461370e+01
1.455276381909547778e+00,5.499376269676773177e+01
9.306532663316582354e-01,6.833646034646403855e+00
1.863316582914573027e+00,3.681415004772956578e-01
1.076381909547738713e+00,2.442573535020354569e+01
4.060301507537688037e-01,7.756897819702204799e+01
1.863316582914573027e+00,2.284405257419554403e+01
2.752261306532663543e+00,5.805212966502496741e+00
2.373366834170854478e+00,1.152512808963777324e+01
9.015075376884421621e-01,9.198487805684229102e+01
1.819597989949748751e+00,1.691797044596277999e+00
1.222110552763819191e+00,2.909619964512170398e+01
1.382412060301507539e+00,5.572400077480488534e+01
1.498994974874372055e+00,1.761055182710936506e+01
2.562814070351759010e+00,5.930025133050331299e+00
2.446231155778894717e+00,4.206947972210433484e+00
6.683417085427135751e-01,4.517189363421226034e+01
1.582914572864321801e-01,5.072618531417619465e+02
5.954773869346733361e-01,5.497833224309146516e+01
3.768844221105527303e-01,2.250637647542678224e+02
3.185929648241205836e-01,2.567118128450313748e+02
9.597989949748743088e-01,2.746986357579154614e+01
1.874371859296482534e-01,4.312133256064520879e+02
2.766834170854271413e+00,3.619066686311482073e+01
1.673869346733668495e+00,1.115191696360692397e+01
1.775879396984924696e+00,5.003764204825735362e+01
2.081909547738693522e+00,8.705692870213484369e+00
2.096482412060301392e+00,1.235769935804538022e+01
1.047236180904522751e+00,3.713265727519792136e+01
2.839698492462311652e+00,7.938440504351333971e-01
2.154773869346733761e+00,7.976970341712515733e+00
2.737688442211055229e+00,3.047047215550482591e+01
1.717587939698492550e+00,1.981326386612410317e+01
2.067336683417085208e+00,5.040955171762433906e+01
1.892462311557788990e+00,4.846984868125542789e+01
2.198492462311557816e+00,1.995210873275278374e+01
1.907035175879397082e+00,1.930711538122591264e+01
1.134673366834170860e+00,1.204373025347540249e+01
2.271356783919598055e+00,1.407891924673795181e+01
2.111055276381909707e+00,5.095001604582306243e+01
1.338693467336683485e+00,3.086911880212882409e+01
1.688442211055276365e+00,4.274946379670403473e+00
1.586432160804020164e+00,7.150517110781985153e+00
2.329648241206030423e+00,1.016803358997858631e+01
2.504522613065326642e+00,6.765384631114592651e-01
6.974874371859296485e-01,4.450888708969302598e+01
2.504522613065326642e+00,3.076694812245250432e+01
1.426130653266331816e+00,1.938877006612230502e+00
1.921608040201005174e+00,4.608720361885154659e+01
1.728643216080402167e-01,6.657525623489364364e+01
1.149246231155778952e+00,3.705287286940019698e+01
8.577889447236181075e-01,9.193587452455760456e+01
4.497487437185929693e-01,2.368158558972428906e+01
1.775879396984924696e+00,1.339152613468316133e+01
3.768844221105527303e-01,8.225847259992826821e+01
2.621105527638190935e+00,1.394080618052998588e+01
4.788944723618090427e-01,6.266824679032165335e+01
5.809045226130653550e-01,5.296833195924768489e+01
9.743718592964824010e-01,3.739188946195276486e+01
1.819597989949748751e+00,1.871313799427274205e+01
1.134673366834170860e+00,2.406429127154625291e+01
2.140201005025125891e+00,2.749591855036871202e+00
2.606532663316583065e+00,8.845559254736123478e+00
2.927135678391959761e+00,1.375820504114133591e+01
1.047236180904522751e+00,8.950183215840215922e+00
2.985427135678392130e+00,1.112203492651847725e+01
2.300502512562814239e+00,4.754349765878368217e+00
1.994472361809045413e+00,1.438018950794772977e+01
1.848743718592964935e+00,4.432896106399524427e+01
2.457286432160804002e-01,3.208282854695924016e+02
1.018090452261306567e+00,1.729223094392974147e+01
2.457286432160804002e-01,1.169163735081436784e+02
1.018090452261306567e+00,8.442778615412551346e+01
3.331658291457286758e-01,9.631707679485512585e+01
6.100502512562814283e-01,5.444784114811938025e+01
4.060301507537688037e-01,1.993961301102536368e+02
8.432160804020100153e-01,3.398366679641275567e+01
2.125628140703517577e+00,4.511241875328775564e+01
6.537688442211054829e-01,1.400025941628181592e+01
1.950753768844221137e+00,4.426794786295427997e+01
3.768844221105527303e-01,2.537480778272983883e+01
2.475376884422110457e+00,1.184131773096312834e+01
2.956281407035175945e+00,1.025413174921433246e+00
2.766834170854271413e+00,3.488618625361823877e+00
2.475376884422110457e+00,3.630091587960649235e+01
2.912562814070351891e+00,9.571418768619118111e+00
1.834170854271356843e+00,7.092480841906060540e+00
1.790452261306532789e+00,1.765826643346852975e+01
1.251256281407035154e+00,1.305798776980046938e+01
2.737688442211055229e+00,6.334394796582550669e+00
3.185929648241205836e-01,2.937533078452164403e+01
2.242211055276381870e+00,1.929180598829637105e+01
1.163819095477387044e+00,7.764992640564628346e+01
2.577386934673366881e+00,1.559065780933858214e+01
2.693969849246231174e+00,1.287582832782239706e+01
1.484422110552763963e+00,2.014525496691259931e+01
2.154773869346733761e+00,3.980913955479553579e+01
5.226130653266332082e-01,5.943649122223766312e+01
7.120603015075376296e-01,5.021165905511205807e+01
4.643216080402010615e-01,1.864672855305804333e+01
2.311557788944723635e-01,3.514532549362006648e+02
1.936180904522613044e+00,1.543241498250461241e+01
1.877889447236180898e+00,4.795910741389364773e+01
1.877889447236180898e+00,1.470093950633058810e+01
1.542713567839196109e+00,5.780358670826684886e+01
2.358793969849246164e+00,4.399552568382294737e+01
1.877889447236180898e+00,1.479409215620638562e+01
3.477386934673366570e-01,3.546158167528205496e+01
1.192964824120603007e+00,1.609389600201169657e+01
1.440703517587939686e+00,5.765380052573505765e+01
1.950753768844221137e+00,9.943026751893961901e-01
1.703015075376884457e+00,1.081270221693525357e+01
2.810552763819095468e+00,3.542819141766811342e+00
4.206030150753768959e-01,2.392759739827503651e+01
5.226130653266332082e-01,1.674524037387507747e+02
2.373366834170854478e+00,3.912567237689069088e+01
2.708542713567839488e+00,7.965439701012378748e+00
1.571859296482412072e+00,5.551531908696321693e+01
2.897989949748744021e+00,-8.265410438879483124e+00
2.737688442211055229e+00,9.598797763851644405e+00
1.294974874371859430e+00,6.771821377797400032e+01
2.242211055276381870e+00,3.810592703383350965e+01
2.970854271356783816e+00,3.742802690853390146e+01
1.324120603015075393e+00,2.550680584662782380e+01
1.076381909547738713e+00,7.840616374169757208e+00
7.266331658291457218e-01,4.170407964678958024e+01
2.825125628140703782e+00,1.910979522099625783e+01
1.688442211055276365e+00,1.682391889464367196e+01
1.353266331658291577e+00,6.288468798741811838e+01
2.125628140703517577e+00,1.530737679144277585e+01
2.956281407035175945e+00,9.814617333978674196e+00
2.650251256281407120e+00,3.295639851575034385e+01
2.165829145728643268e-01,1.403370146292331526e+02
1.673869346733668495e+00,5.283747575980913780e+01
5.663316582914572628e-01,2.247487580792956052e+01
2.213065326633166130e+00,1.365986946934513391e+01
1.644723618090452311e+00,5.526765179975885900e+01
9.889447236180903822e-01,3.388363279487445823e+01
6.100502512562814283e-01,1.301025930393451517e+02
8.286432160804020342e-01,2.259529288589717311e+01
1.105527638190954898e+00,1.380121292513907605e+01
1.994472361809045413e+00,4.863011708020146528e+01
1.236683417085427283e+00,2.599479337650588562e+01
2.271356783919598055e+00,6.063198213843330464e+00
2.577386934673366881e+00,4.058956216926971905e+01
1.309547738693467522e+00,6.239606653957175553e+01
2.227638190954774000e+00,1.834121290376191737e+01
3.477386934673366570e-01,8.489248030498141873e+01
6.829145728643215563e-01,1.098725239687994204e+01
7.557788944723617952e-01,1.065732119978002146e+01
1.703015075376884457e+00,1.781258683660260900e+01
2.839698492462311652e+00,7.236349422445797153e+00
3.331658291457286758e-01,3.303571948269418357e+01
1.513567839195979925e+00,6.455124605142117389e+01
1.528140703517588017e+00,4.983317154619818012e+01
1.145728643216080422e-01,9.213677963004742821e+01
4.788944723618090427e-01,1.644584334380424480e+02
2.169346733668341631e+00,2.774412683547952341e+00
5.371859296482411894e-01,5.309534650203093520e+01
2.475376884422110457e+00,5.428549047827262442e+00
2.548241206030150696e+00,1.485705665953201837e+01
2.154773869346733761e+00,2.146394435348952356e+01
2.067336683417085208e+00,6.843901273843421507e+00
1.003517587939698474e+00,8.669518321191929999e+01
7.120603015075376296e-01,1.314382621941638440e+01
2.894472361809045102e-01,4.249593252453581016e+01
1.469849246231155870e+00,3.089069213102376210e+01
1.440703517587939686e+00,2.394183779311092763e+01
2.533668341708542826e+00,1.458360512071138082e+01
2.956281407035175945e+00,2.529613686372363190e+01
3.000000000000000000e+00,2.815665629502679934e+01
1.484422110552763963e+00,6.184289619581978314e+00
6.683417085427135751e-01,1.186700069945430585e+02
1.936180904522613044e+00,6.067358589302341620e+00
2.140201005025125891e+00,1.755505956111151278e+01
6.246231155778894095e-01,1.396078923975336572e+01
1.120100502512562990e+00,3.498992246599949851e+01
1.178391959798995137e+00,7.664384033832651255e+01
6.391959798994975017e-01,1.778894208767633955e+01
4.206030150753768959e-01,1.929452442847428131e+02
5.954773869346733361e-01,2.374401515680693109e+01
1.105527638190954898e+00,8.009852655036199565e+01
2.603015075376884369e-01,3.070740595849646297e+02
2.038190954773869468e+00,1.033321966979845996e+01
1.907035175879397082e+00,4.206548745852218829e+00
1.950753768844221137e+00,1.900145224753332229e+01
1.265829145728643246e+00,6.385941306541840845e+01
2.311557788944723635e-01,4.205567386755571135e+01
6.246231155778894095e-01,1.306242270309751348e+02
2.242211055276381870e+00,1.014432627470370996e+00
2.009045226130653283e+00,4.387885746533345355e+01
1.805025125628140881e+00,4.692587181916066186e+01
9.160804020100502543e-01,3.766959937158721772e+01
5.663316582914572628e-01,1.411197931774232188e+02
1.921608040201005174e+00,1.919951964598842054e+01
3.623115577889447492e-01,2.939080757146221856e+01
3.040201005025126024e-01,2.689806493281769804e+02
4.934673366834171349e-01,2.243226506353472161e+01
1.145728643216080422e-01,2.613648976649550946e+02
1.291457286432160789e-01,2.433873825751036577e+02
1.469849246231155870e+00,1.280493439067094741e+01
2.912562814070351891e+00,6.025982248958506204e+00
1.222110552763819191e+00,7.502362673498888412e+00
7.994974874371859608e-01,4.627260834993515459e+01
1.134673366834170860e+00,6.569073430323263096e+01
4.351758793969848771e-01,2.505408893372365497e+01
1.236683417085427283e+00,7.161684720195637510e+01
1.207537688442211099e+00,7.020528353953079659e+01
5.371859296482411894e-01,1.850848972318476982e+01
1.437185929648241434e-01,2.117792483686045557e+02
2.708542713567839488e+00,5.516375171979603920e+00
2.198492462311557816e+00,9.892070031475022063e-01
2.457286432160804002e-01,3.848877956465722150e+01
1.192964824120603007e+00,1.831786221591788433e+01
1.291457286432160789e-01,8.520007528483992587e+01
2.985427135678392130e+00,-3.309702545880269575e+00
2.635678391959799249e+00,1.200917658749684769e+01
7.849246231155778686e-01,1.370908952887496568e+01
1.542713567839196109e+00,2.388091436013501045e+00
2.446231155778894717e+00,3.334633362743822005e+01
1.848743718592964935e+00,1.676724748994151426e+01
1.907035175879397082e+00,4.861870016909308845e+01
1.728643216080402167e-01,1.776180284887796574e+02
1.338693467336683485e+00,4.038090626708878972e+00
7.557788944723617952e-01,4.462939813401588651e+01
2.402512562814070218e+00,1.382550087693874019e+01
7.266331658291457218e-01,1.118910610845033773e+02
1.294974874371859430e+00,1.519639607724337971e+01
1.586432160804020164e+00,2.179321498023132264e+01
1.557286432160804202e+00,1.386779932247826252e+01
1.582914572864321801e-01,1.928037030594512373e+02
2.285929648241205925e+00,1.476593524774794730e+01
2.052763819095477338e+00,4.109197956250313410e+01
7.120603015075376296e-01,1.234101563294651953e+02
2.213065326633166130e+00,3.694568861531482185e+01
2.169346733668341631e+00,1.433248370379940440e+01
1.120100502512562990e+00,8.122797887058315780e+01
1.630150753768844218e+00,2.801854353980200329e+01
6.391959798994975017e-01,5.313996722119483707e+01
1.367839195979899669e+00,6.452722732412770767e+01
2.271356783919598055e+00,3.903666346268219201e+01
9.452261306532663276e-01,1.351589402279588370e+01
2.344221105527638294e+00,1.764917883252466169e+01
1.921608040201005174e+00,7.411578081253020756e+00
3.000000000000000000e+00,1.068360591259923886e+01
1.615577889447236348e+00,1.528393487357710079e+00
1.192964824120603007e+00,6.479988300948892288e+01
7.994974874371859608e-01,7.938460218411806935e+00
1.732160804020100642e+00,1.570106294573326444e+01
2.111055276381909707e+00,9.451448844275191163e+00
5.371859296482411894e-01,1.542189953216643516e+02
1.090954773869346806e+00,1.181121685355262940e+01
2.548241206030150696e+00,4.249293346267787541e+01
2.941708542713568075e+00,3.851362692358802775e+01
1.061809045226130621e+00,2.076754995713734075e+01
1.382412060301507539e+00,7.233855532793970866e+00
3.040201005025126024e-01,3.028967892326250322e+01
2.883417085427135707e+00,8.544417109859239190e+00
1.761306532663316604e+00,7.182327672718467504e+00
1.032663316582914659e+00,8.535820796498907725e+01
2.781407035175879283e+00,6.451644723831883255e+00
1.061809045226130621e+00,8.450598319756194599e+01
2.009045226130653283e+00,1.071764362646205448e+01
2.329648241206030423e+00,9.792975784118414850e+00
1.280402010050251338e+00,5.848733122645350946e+00
2.621105527638190935e+00,2.228127467112472715e+01
2.752261306532663543e+00,8.366300979876559296e+00
1.732160804020100642e+00,5.324680102699425710e+00
2.402512562814070218e+00,1.863586540234160083e+01
2.748743718592965291e-01,3.032726502927809520e+02
2.635678391959799249e+00,2.659859632104473803e+01
2.431658291457286403e+00,1.360912657334552378e+01
1.367839195979899669e+00,2.604597324225452581e+01
1.761306532663316604e+00,1.278994854260193748e+01
2.402512562814070218e+00,3.243693517252152247e+01
2.020100502512562901e-01,1.591103398962469271e+02
2.650251256281407120e+00,1.204793916798358921e+01
1.673869346733668495e+00,1.983687834404239680e+01
2.329648241206030423e+00,3.485384653826795187e+01
8.577889447236181075e-01,1.047512244804564752e+01
2.020100502512562901e-01,3.951940989985316151e+02
1.251256281407035154e+00,6.154342487933460148e+01
1.874371859296482534e-01,4.813090235134516348e+01
1.615577889447236348e+00,5.254469193933920934e+01
1.542713567839196109e+00,2.722356950036289192e+01
2.315075376884422109e+00,7.049034741299920803e+00
4.351758793969848771e-01,1.886516980449274570e+02
1.469849246231155870e+00,5.508486571965092793e+01
1.790452261306532789e+00,3.963126733815108160e+00
1.571859296482412072e+00,4.468600951477018413e+00
2.431658291457286403e+00,3.390618092048196530e+01
5.226130653266332082e-01,2.373752731636075808e+01
4.934673366834171349e-01,5.654461744175279847e+01
1.484422110552763963e+00,4.951409110191578122e+01
2.883417085427135707e+00,2.506488940822200817e+01
1.000000000000000056e-01,9.259210221017049491e+01
2.868844221105527836e+00,3.071416740712012938e+01
1.222110552763819191e+00,6.495990790956739147e+01
1.426130653266331816e+00,6.493263317434436033e+01
1.294974874371859430e+00,1.163335329033376020e+01
7.557788944723617952e-01,1.188137034563976897e+02
2.431658291457286403e+00,-7.691994672230118013e-01
1.582914572864321801e-01,6.577770445143701750e+01
2.460804020100502587e+00,3.308767811495479805e+01
2.038190954773869468e+00,2.003771274955125747e+01
2.664824120603014990e+00,8.892570253320389639e+00
2.941708542713568075e+00,1.495273273275956782e+01
2.460804020100502587e+00,1.496303395804314817e-01
9.015075376884421621e-01,1.798296447336787907e+01
2.446231155778894717e+00,1.095170007427150694e+01
2.748743718592965291e-01,3.525114298131945390e+01
1.528140703517588017e+00,2.034746514369718895e+01
1.688442211055276365e+00,4.338427410220083402e+01
1.746733668341708734e+00,5.198343127068910263e+01
1.251256281407035154e+00,4.160542603090426184e+01
1.396984924623115631e+00,8.879020560244532234e+00
1.426130653266331816e+00,2.528808875827330027e+01
2.417085427135678533e+00,3.538137971565396356e+01
2.591959798994974751e+00,3.441514548496575543e+01
8.286432160804020342e-01,4.207185402749059477e+01
9.597989949748743088e-01,1.533728192380408473e+00
7.703517587939697764e-01,1.297700791559162425e+01
2.810552763819095468e+00,2.532865504900426856e+01
2.533668341708542826e+00,1.422560089483554435e+01
4.643216080402010615e-01,1.755832596900665692e+02
1.601005025125628256e+00,5.206222034118724196e+01
1.455276381909547778e+00,1.511426050177885649e+01
1.965326633165829229e+00,1.682028196565185141e+01
9.889447236180903822e-01,8.470487934279562126e+01
1.207537688442211099e+00,2.584070040041966720e+01
1.437185929648241434e-01,6.627200376445418328e+01
1.367839195979899669e+00,1.347775068196005677e+01
1.528140703517588017e+00,1.111309509983759547e+01
3.623115577889447492e-01,2.275798957909275373e+02
7.266331658291457218e-01,1.429814630474287540e+01
1.076381909547738713e+00,6.971006331590280070e+01
1.003517587939698474e+00,3.035523134509796250e+01
1.149246231155778952e+00,1.904295440345912027e+01
5.517587939698492816e-01,5.746509424659421228e+01
2.795979899497487597e+00,4.537008687922927663e-02
2.927135678391959761e+00,9.596294801735728797e+00
6.974874371859296485e-01,9.973509969752736737e+00
2.489949748743718771e+00,1.997040162946424147e+01
1.761306532663316604e+00,5.178678231590576075e+01
2.548241206030150696e+00,8.281798374947495489e-01
9.306532663316582354e-01,3.518102553624495243e+01
2.344221105527638294e+00,3.817927806110012057e+01
1.659296482412060403e+00,1.243295881283202675e+01
1.236683417085427283e+00,5.591925751649544196e+00
2.868844221105527836e+00,1.716417736824437057e+01
1.790452261306532789e+00,4.672598785731696580e+01
5.517587939698492816e-01,1.454898912097208381e+02
1.324120603015075393e+00,4.057249355708253624e+00
2.183919597989949946e+00,1.486467388650142674e+01
6.974874371859296485e-01,1.165785943558304751e+02
1.032663316582914659e+00,3.661229233969619656e+01
1.309547738693467522e+00,6.394659686337275772e+00
1.586432160804020164e+00,5.223712040590253736e+01
1.163819095477387044e+00,3.236233660517822130e+01
2.897989949748744021e+00,2.897948496740120916e+01
7.412060301507537030e-01,2.046184107494894988e+01
2.781407035175879283e+00,3.343011924541931990e+01
2.052763819095477338e+00,-6.559926145867374103e-01
1.105527638190954898e+00,3.429893110723671867e+01
1.163819095477387044e+00,1.373397585653891184e+01
2.723115577889447358e+00,3.437781473047754588e+01
1.000000000000000056e-01,8.013167141406290739e+02
8.723618090452260887e-01,3.414323832700689820e+01
5.809045226130653550e-01,1.461902364838807955e+02
2.752261306532663543e+00,3.457698576098826493e+01
1.498994974874372055e+00,4.831830399986235136e+01
2.140201005025125891e+00,4.333390264572383188e+01
1.644723618090452311e+00,3.009301085762682249e+01
2.213065326633166130e+00,6.678757072718264354e+00
1.280402010050251338e+00,2.507832842042038735e+01
2.606532663316583065e+00,3.933895700981725696e+00
7.703517587939697764e-01,1.139281341002566279e+02
1.732160804020100642e+00,4.637449248380300304e+01
1.819597989949748751e+00,4.672176242297239668e+01
8.140703517587939420e-01,4.268916282425200137e+01
2.723115577889447358e+00,2.236795101054837254e+00
1.644723618090452311e+00,-5.443240441186318890e-01
2.519095477386934956e+00,1.427554556425819321e+01
1.979899497487437321e+00,4.166285820890649916e+00
1.291457286432160789e-01,6.196308705779333650e+02
1.396984924623115631e+00,6.376525572395026131e+01
1.382412060301507539e+00,1.848535987665192337e+01
2.519095477386934956e+00,5.173051916336773637e+00
2.854271356783919522e+00,9.765329273218270600e+00
7.703517587939697764e-01,3.558668744803347295e+01
1.455276381909547778e+00,9.171068818343041329e+00
1.965326633165829229e+00,4.127377635666766054e+01
2.067336683417085208e+00,2.318368712745374438e+01
2.387939698492462348e+00,1.051100910947410938e+01
1.994472361809045413e+00,1.641491033063608995e+01
6.683417085427135751e-01,1.269561847001660126e+01
1.746733668341708734e+00,2.041215778393066671e+00
2.883417085427135707e+00,2.501451694517057689e+01
2.311557788944723635e-01,1.350403099623141259e+02
2.927135678391959761e+00,3.489559058295886729e+01
4.060301507537688037e-01,3.096708795623950294e+01
1.717587939698492550e+00,4.070993168180654820e+00
2.839698492462311652e+00,3.980304358738916903e+01
6.246231155778894095e-01,5.714418309843426158e+01
8.869346733668341809e-01,8.844261451928664997e+01
2.621105527638190935e+00,2.814518517520356866e+01
2.489949748743718771e+00,2.560131577849255269e+00
2.256783919597990185e+00,2.203047809194425710e+01
5.080402010050251160e-01,1.246349892692561845e+01
1.324120603015075393e+00,6.875328420226158244e+01
7.849246231155778686e-01,1.085126389650068575e+02
2.038190954773869468e+00,3.996914922100894785e+01
1.047236180904522751e+00,8.278898871884643995e+01
2.635678391959799249e+00,1.661326107899271065e+01
4.643216080402010615e-01,7.318750141490767191e+01
2.183919597989949946e+00,3.949243717658296049e+01
5.080402010050251160e-01,5.532091744875287276e+01
8.723618090452260887e-01,1.152129124621963108e+01
2.052763819095477338e+00,8.683909337923983784e+00
2.020100502512562901e-01,5.664744890978425218e+01
9.597989949748743088e-01,8.993593271897039187e+01
3.914572864321608225e-01,2.109650217458613497e+02
2.603015075376884369e-01,1.155580426670466494e+02
1.805025125628140881e+00,1.095770568076035723e+01
1.440703517587939686e+00,8.041245630601080663e+00
2.344221105527638294e+00,1.178235084321159931e+01
2.766834170854271413e+00,1.239255751378761694e+01
3.623115577889447492e-01,8.500150817026619166e+01
2.023618090452261153e+00,1.666704936292282824e+01
8.869346733668341809e-01,3.779004029249806251e+01
2.519095477386934956e+00,3.771007936641281333e+01
2.912562814070351891e+00,3.539781418238685973e+01
4.497487437185929693e-01,1.755812036504112825e+02
1.513567839195979925e+00,3.199943988610714030e+01
2.603015075376884369e-01,3.158562803677552466e+01
2.664824120603014990e+00,9.746945005081897762e+00
9.889447236180903822e-01,2.050347364308672127e+01
2.387939698492462348e+00,3.574711410714053983e+01
1.061809045226130621e+00,3.529761851652450133e+01
1.892462311557788990e+00,2.672996493600684254e+00
2.693969849246231174e+00,4.576748623890261491e+00
2.795979899497487597e+00,7.453423823000528081e+00
1.936180904522613044e+00,4.675583877246135955e+01
2.300502512562814239e+00,4.011360542298777432e+01
7.994974874371859608e-01,1.074293668765490537e+02
1.557286432160804202e+00,5.236917901814430820e+01
2.781407035175879283e+00,-6.694972582112601600e-01
2.417085427135678533e+00,1.028469432580791931e+01
2.693969849246231174e+00,2.402682548873771040e+01
9.160804020100502543e-01,9.017665231491854172e+01
2.664824120603014990e+00,3.278213373491045246e+01
1.979899497487437321e+00,4.929534494254583876e+01
3.914572864321608225e-01,1.448700706043509179e+01
3.185929648241205836e-01,9.951006881220565958e+01
2.795979899497487597e+00,2.234860489601833677e+01
1.601005025125628256e+00,1.598141512608184911e+01
4.351758793969848771e-01,7.004106842968332103e+01
2.748743718592965291e-01,1.181726277594741816e+02
1.018090452261306567e+00,1.725038993653246777e+01
1.848743718592964935e+00,1.289271085347712997e+01
8.869346733668341809e-01,2.177813703845569648e+01
1.032663316582914659e+00,1.351001658398658556e+01
9.452261306532663276e-01,3.094638226752335441e+01
1.000000000000000056e-01,3.032147462864962790e+02
2.081909547738693522e+00,4.318480044277945495e+01
2.504522613065326642e+00,1.738308077000101193e+01
5.809045226130653550e-01,2.716680365666353225e+01
2.679396984924623304e+00,2.041305343875404077e+01
2.023618090452261153e+00,4.416953929334647810e+00
1.437185929648241434e-01,5.532440283053139183e+02
2.679396984924623304e+00,1.049394684066704997e+00
8.577889447236181075e-01,3.014209672792535599e+01
1.145728643216080422e-01,7.059989348597471235e+02
1.309547738693467522e+00,1.785523480586977740e+01
2.315075376884422109e+00,1.920635991662085473e+01
2.198492462311557816e+00,3.960759982794272815e+01
8.140703517587939420e-01,4.556117812999245231e+00
2.096482412060301392e+00,6.294629188139763798e+00
2.825125628140703782e+00,3.404326251943375325e+01
2.373366834170854478e+00,1.419815815380838764e+01
2.081909547738693522e+00,2.623538371432127647e+00
2.165829145728643268e-01,3.698805422157475959e+02
1.630150753768844218e+00,5.124324042860963146e+01
2.723115577889447358e+00,1.005863227174294394e+01
8.286432160804020342e-01,9.736824787627280386e+01
2.460804020100502587e+00,1.375227947515311655e+01
8.140703517587939420e-01,1.046547202064320317e+02
2.562814070351759010e+00,1.335228222540008680e+01
9.743718592964824010e-01,1.195551450361278611e+01
4.206030150753768959e-01,7.423843081614313633e+01
1.280402010050251338e+00,6.702239681788718428e+01
1.615577889447236348e+00,2.280331539186666134e+01
2.227638190954774000e+00,3.480282337558706729e+01
1.717587939698492550e+00,5.380326469618522367e+01
1.805025125628140881e+00,1.211346261741716290e+01
3.040201005025126024e-01,1.010987782164155533e+02
2.417085427135678533e+00,-2.592824888095311309e+00
2.854271356783919522e+00,3.829575777092089339e+01
2.300502512562814239e+00,5.848983370812049110e+00
5.080402010050251160e-01,1.487880993161776360e+02
2.009045226130653283e+00,1.885416204293090914e+01
2.708542713567839488e+00,3.735057602293360901e+01
2.358793969849246164e+00,-1.416107830202863127e+00
9.015075376884421621e-01,4.024913966346873906e+01
4.934673366834171349e-01,1.626733244777857976e+02
2.358793969849246164e+00,5.079849939784168100e+00
2.023618090452261153e+00,3.708372321891081214e+01
1.659296482412060403e+00,4.790252246717916051e+01
3.000000000000000000e+00,1.123217794668336822e+01
2.227638190954774000e+00,2.749005785443306760e+00
1.120100502512562990e+00,1.010829657539025561e+01
1.265829145728643246e+00,1.605398164226456004e+01
1.498994974874372055e+00,1.045662333360943208e+01
2.183919597989949946e+00,8.174563912815212774e+00
2.854271356783919522e+00,1.222558049185615303e+01
2.256783919597990185e+00,4.380889686247954273e+01
2.533668341708542826e+00,3.006049187585065852e+01
2.111055276381909707e+00,1.337749465658421144e+01
2.256783919597990185e+00,1.044495482070475312e+01
6.537688442211054829e-01,1.285977878228211750e+02
2.985427135678392130e+00,2.676550158665506274e+01
1.834170854271356843e+00,4.005314123030792928e+01
2.165829145728643268e-01,4.363180219290117634e+01
2.970854271356783816e+00,-2.162724997804019722e-01
1.775879396984924696e+00,1.319807194104016901e+01
1.003517587939698474e+00,1.486356121693069099e+01
2.679396984924623304e+00,2.808758297858928898e+01
1.703015075376884457e+00,5.415794829978004543e+01
2.897989949748744021e+00,2.176397899594979535e+01
6.829145728643215563e-01,4.992529381097271113e+01
2.810552763819095468e+00,6.014991537738369587e+00
